sample_id,patient_name,dob_clean,sex_clean,site_clean,glucose_mgdl,glucose_flag,notes
S0001,A. Nguyen,1962-07-09,F,Site B,145.9,,
S0002,T. Patel,1974-12-16,M,Site C,146.1,,
s-0003,R. Martinez,1953-11-24,F,Site B,84.2,,
S0004,A. Patel,1957-02-27,F,Site B,120.0,,
S0005,B. Martinez,1997-12-02,M,Site B,138.3,,
s-0006,R. Kim,1968-12-05,F,Site C,2881.1,,
S0007,T. Martinez,1969-09-04,U,Site A,206.0,,
S0008,K. Davis,1999-08-20,F,Site C,229.3,,
s-0009,S. Davis,1995-07-19,M,Site C,185.0,,
S0010,A. Martinez,1951-10-01,F,Site C,215.2,,re-draw requested
S0011,B. Davis,1961-07-09,M,Site A,2973.0,,
S0012,T. Johnson,1996-06-07,U,Site A,110.4,,re-draw requested
S0013,A. Patel,1952-10-26,F,Site B,2032.5,,
S0014,K. Kim,1958-09-12,F,Site B,144.0,,
S0015,B. Patel,1998-02-11,M,Site B,1855.9,,
S0016,A. Davis,1958-05-15,U,Site B,157.4,,
S0017,K. Nguyen,2015-07-16,U,Site A,123.4,,
S0018,J. Smith,1957-03-10,F,Site B,82.2,,
s-0019,B. Kim,2000-09-16,M,Site A,190.6,,
S0020,B. Smith,2000-07-05,F,Site B,108.4,,
S0021,K. Davis,2004-11-16,M,Site C,88.6,,
S0022,M. Johnson,2006-11-25,U,Site A,233.0,,
S0023,S. Lee,1999-06-30,M,Site A,83.5,,
S0024,S. Johnson,1953-07-31,F,Site C,114.9,,
S0025,M. Lee,1965-11-19,M,Site A,202.6,,
S0026,J. Garcia,1953-06-22,F,Site A,3909.9,,
S0027,T. Johnson,1956-03-24,F,Site C,161.7,,
S0028,S. Smith,1988-12-26,F,Site B,179.1,,
s-0029,M. Johnson,2009-08-04,F,Site C,222.6,,
S0030,M. Kim,1984-01-06,M,Site B,168.6,,
S0031,K. Brown,1995-11-11,M,Site C,85.3,,
S0032,J. SMITH,1992-08-17,U,Site B,229.5,,
S0033,B. Kim,2012-06-07,M,Site B,114.9,,
S0034,K. Martinez,1995-04-15,U,Site A,3673.9,,
S0035,K. Patel,1956-12-13,F,Site A,130.5,,
s-0036,T. Johnson,1987-04-21,U,Site C,145.6,,
S0037,T. Kim,2015-11-28,U,Site A,2146.0,,re-draw requested
S0038,K. Lee,1997-12-02,U,Site B,171.6,,
S0039,R. Patel,1980-04-12,M,Site C,4346.0,flagged(*),
S0040,R. Patel,2008-06-21,M,Site A,105.9,,
S0041,K. Nguyen,1965-01-20,M,Site A,89.5,,
S0042,M. Garcia,2006-04-10,F,Site C,209.0,flagged(*),
S0043,B. Davis,1951-02-19,U,Site A,148.0,,
S0044,S. Martinez,1998-04-13,U,Site B,218.6,,
S0045,K. Martinez,1984-01-01,M,Site B,223.2,,
S0046,S. DAVIS,1967-02-21,F,Site C,143.2,,
s-0047,M. Kim,1977-06-21,U,Site B,2983.8,,
S0048,M. Garcia,1978-04-23,M,Site A,1962.2,,
S0049,M. Nguyen,1966-02-05,M,Site C,166.1,,re-draw requested
S0050,K. Garcia,2001-07-02,U,Site B,149.3,,
s-0051,K. Garcia,2011-08-02,M,Site A,216.0,,
S0052,M. Davis,1989-09-20,U,Site A,172.4,,
S0053,B. Lee,1999-07-10,M,Site A,2585.6,,
S0054,M. Nguyen,2006-01-28,U,Site A,168.0,,
S0055,S. Brown,2011-10-14,U,Site A,2884.7,,
S0056,A. Garcia,2010-06-30,M,Site B,77.2,,
S0057,K. Garcia,1986-08-20,F,Site C,88.8,,
S0058,A. Brown,1972-08-23,F,Site C,142.8,,
S0059,K. Brown,1968-04-06,M,Site A,2682.9,,
S0060,A. Davis,1970-02-27,U,Site A,186.6,,
